s,XY,XW,XV,YX,YW,YV,WX,WY,WV,VX,VY,VW
0.0001,19602.893305257443,19602.0,19601.357858233783,19601.044961618594,19542.612868858407,19572.520908812843,19602.0,19544.671678298946,19601.357858233783,19602.61364569612,19573.120521001638,19602.61364569612
0.00014563484775012445,19603.280447604797,19602.0,19601.05534931147,19600.58861984148,19515.456669258678,19559.06410728995,19602.0,19518.593217694975,19601.05534931147,19602.884212002264,19559.95877270626,19602.884212002264
0.00021209508879201905,19603.821262477963,19602.0,19600.60417800449,19599.901037672,19475.848100492654,19539.461929250752,19602.0,19480.7064121767,19600.60417800449,19603.267634865213,19540.81009816013,19603.267634865213
0.00030888435964774815,19604.560094259108,19602.0,19599.924607825767,19598.85092549175,19418.041715498926,19510.90537834103,19602.0,19425.72465595331,19599.924607825767,19603.803515163312,19512.964056192188,19603.803515163312
0.0004498432668969444,19605.532618413963,19602.0,19598.887185931642,19597.218217115158,19333.608250053738,19469.299199163004,19602.0,19346.060034611615,19598.887185931642,19604.536183464028,19472.497436055855,19604.536183464028
0.0006551285568595509,19606.72948738175,19602.0,19597.27512589619,19594.621247759893,19210.15841013263,19408.67152698193,19602.0,19230.891371182457,19597.27512589619,19605.501901224186,19413.747520921777,19605.501901224186
0.0009540954763499944,19608.007110948267,19602.0,19594.712820463617,19590.37461038929,19029.46417421813,19320.313567654004,19602.0,19064.927220406582,19594.712820463617,19606.693459464856,19328.574222289928,19606.693459464856
0.0013894954943731374,19608.880988058147,19602.0,19590.52639502963,19583.205985476125,18764.758359556505,19191.5321510145,19602.0,18826.837509935896,19590.52639502963,19607.973105777233,19205.3461763238,19607.973105777233
0.0020235896477251557,19608.06302529705,19602.0,19583.466047933158,19570.68381395396,18377.113051135126,19003.86506505626,19602.0,18487.408778279118,19583.466047933158,19608.870602861374,19027.589055559758,19608.870602861374
0.0029470517025518097,19602.44983248515,19602.0,19571.145041835607,19548.051344601587,17811.50204651392,18730.61173456355,19602.0,18007.668537033125,19571.145041835607,19608.130779105202,18772.271710742374,19608.130779105202
0.004291934260128779,19584.95654478262,19602.0,19548.89694865496,19505.85242232028,16995.622103784917,18333.69443840916,19602.0,17337.68090586873,19548.89694865496,19602.723608605957,18407.824811021088,19602.723608605957
0.0062505519252739694,19540.00152944598,19602.0,19507.448299487733,19425.163359308834,15850.892080777834,17760.563955365604,19602.0,16417.95692079423,19507.448299487733,19585.72334959934,17892.291531439496,19585.72334959934
0.009102981779915217,19434.524519881877,19602.0,19428.24149024878,19268.39035200562,14333.984303399902,16944.048511981673,19602.0,15188.696968895229,19428.24149024878,19541.883559644826,17172.739790495973,19541.883559644826
0.013257113655901081,19201.802179479924,19602.0,19274.392637558398,18963.17395338143,12514.909572987444,15813.260901811123,19602.0,13617.171474962188,19274.392637558398,19438.818948821627,16188.75787744124,19438.818948821627
0.019306977288832496,18718.74518075937,19602.0,18974.810209683965,18380.82337755299,10616.045097056556,14330.422240350083,19602.0,11747.669500828395,18974.810209683965,19211.051049364505,14886.236433425294,19211.051049364505
0.02811768697974228,17796.311771071498,19602.0,18402.647609310665,17330.206146055716,8883.213710230191,12557.130384160322,19602.0,9737.691525108386,18402.647609310665,18737.369183004834,13250.527311177306,18737.369183004834
0.040949150623804234,16245.429569852076,19602.0,17368.112505142977,15629.554068767859,7401.4489514087745,10686.042538532753,19602.0,7808.534095048879,17368.112505142977,17830.245863063275,11355.183418181856,17830.245863063275
0.05963623316594643,14066.207185696887,19602.0,15686.981390289808,13297.637463681773,6120.214988614306,8931.008988319149,19602.0,6124.208907476898,15686.981390289808,16298.49066328347,9376.639749063886,16298.49066328347
0.08685113737513521,11569.193391134884,19602.0,13369.583390984353,10664.119675712689,4984.587494031011,7373.881215568061,19602.0,4735.044423362619,13369.583390984353,14134.003819345475,7516.707010073771,14134.003819345475
0.12648552168552957,9158.79928016919,19602.0,10738.462138978915,8141.344951160662,3979.6524504364857,5993.569613667201,19602.0,3623.4509763132432,10738.462138978915,11640.006760595246,5900.004004846041,11640.006760595246
0.18420699693267145,7067.604250774153,19602.0,8208.33403231009,5963.465903238607,3114.5018586429355,4775.518283320386,19602.0,2753.3468861883466,8208.33403231009,9222.96615887094,4560.9512106001575,9222.96615887094
0.2682695795279725,5357.484931596321,19602.0,6019.297468800422,4194.824050533815,2397.931225851997,3730.9457049087246,19602.0,2087.458867106902,6019.297468800422,7121.362352917835,3485.730439606902,7121.362352917835
0.3906939937054613,4010.8807422796795,19602.0,4239.100041397795,2821.5706794194925,1825.941629891879,2868.795700661198,19602.0,1591.8151022432571,4239.100041397795,5400.53007237067,2642.9290506001857,5400.53007237067
0.5689866029018293,2982.83878831002,19602.0,2855.2092448018184,1801.6601465745623,1384.2314581027597,2181.4043518832937,19602.0,1236.6486044463795,2855.2092448018184,4044.2364459957466,1997.7155597002875,4044.2364459957466
0.8286427728546842,2223.3164586852486,19602.0,1826.0166308167873,1084.084110039713,1055.0477996977734,1649.4567647047622,19602.0,995.1229548603255,1826.0166308167873,3007.906224907509,1517.4466909338094,3007.906224907509
1.2067926406393288,1686.189889615544,19602.0,1100.652913581468,614.2345300622707,820.7145658624619,1250.4836179909103,19602.0,840.8981808235832,1100.652913581468,2241.4758972471645,1173.2897288087242,2241.4758972471645
1.7575106248547894,1331.606082553635,19602.0,624.5962814256426,334.77486157178066,663.9460476865177,962.9955335190698,19602.0,747.3209026334144,624.5962814256426,1698.6551615346054,939.4469614274475,1698.6551615346054
2.559547922699533,1123.7019681791894,19602.0,340.5667712119755,188.60275071703273,566.8062343372787,766.9671421232418,19602.0,691.0766897824594,340.5667712119755,1339.4250407573104,790.9313759980988,1339.4250407573104
3.727593720314938,1024.7680053165207,19602.0,191.37571919261245,125.19722853596892,510.5565237084584,642.4586721644954,19602.0,656.5520601766017,191.37571919261245,1127.8791645466663,702.2135448978075,1127.8791645466663
5.428675439323859,991.761680977163,19602.0,126.23352378705282,105.08037526495391,478.83998554975744,568.6873626765937,19602.0,634.8293804697521,126.23352378705282,1026.444476568773,650.157831063452,1026.444476568773
7.9060432109076855,985.4978601503924,19602.0,105.32915318824766,101.3253400678203,460.9948368029054,526.2932910809358,19602.0,620.7749191317082,105.32915318824766,992.1754768497174,618.8530584798295,992.1754768497174
11.513953993264458,984.9832663723846,19602.0,101.35361466035552,101.0177580193508,451.11766514208693,501.7006101146575,19602.0,611.5466007051599,101.35361466035552,985.5451527804195,599.4105313955383,985.5451527804195
16.768329368110066,984.9705101134653,19602.0,101.01877782160929,101.01013512617688,445.7544885839788,487.53494491252826,19602.0,605.5825920798865,101.01877782160929,984.9849729133884,586.9472830157075,984.9849729133884
24.420530945486497,984.970453044379,19602.0,101.01014193982455,101.0101010229945,442.8686260444717,479.6415150892486,19602.0,601.8560664615268,101.01014193982455,984.9705215156434,578.8310044242149,984.9705215156434
35.564803062231285,984.9704530228738,19602.0,101.01010102685478,101.01010101021772,441.3471703698617,475.35003410004333,19602.0,599.5900360017642,101.01010102685478,984.9704530509098,573.6318410344616,984.9704530509098
51.79474679231202,984.9704530228736,19602.0,101.0101010101012,101.01010101022149,440.58007110081587,473.04879141530154,19602.0,598.2168218302799,101.0101010101012,984.9704530228739,570.4065027104781,984.9704530228739
75.43120063354607,984.9704530228736,19602.0,101.010101010101,101.01010101027505,440.22483185027966,471.8519539404174,19602.0,597.3233042720078,101.010101010101,984.9704530228736,568.4544596204563,984.9704530228736
109.85411419875572,984.9704530228736,19602.0,101.01010101010101,101.01010101038584,440.0920165722113,471.26456192888577,19602.0,596.6380953640851,101.01010101010101,984.9704530228736,567.2748851484001,984.9704530228736
159.98587196060572,984.9704530228736,19602.0,101.01010101010101,0.0,440.0602602787963,471.0070460138674,19602.0,596.0801730286487,101.01010101010101,984.9704530228736,566.4976627685413,984.9704530228736
232.99518105153672,984.9704530228736,19602.0,0.0,0.0,nan,470.9205405614838,19602.0,595.6918603024336,0.0,984.9704530228736,565.8740185959713,984.9704530228736
339.3221771895323,984.9704530228736,19602.0,0.0,0.0,nan,470.90316771144,19602.0,595.4942459747375,0.0,984.9704530228736,565.3315812306403,984.9704530228736
494.1713361323828,984.9704530228736,19602.0,0.0,0.0,nan,nan,19602.0,nan,0.0,984.9704530228736,564.9205023201301,984.9704530228736
719.6856730011514,984.9704530228736,19602.0,0.0,nan,nan,nan,19602.0,nan,0.0,984.9704530228736,nan,984.9704530228736
1048.1131341546852,984.9704530228736,19602.0,nan,nan,nan,nan,19602.0,nan,nan,984.9704530228736,nan,984.9704530228736
1526.4179671752302,984.9704530228736,19602.0,nan,nan,nan,nan,19602.0,nan,nan,984.9704530228736,nan,984.9704530228736
2222.996482526191,984.9704530228736,19602.0,nan,nan,nan,nan,19602.0,nan,nan,984.9704530228736,nan,984.9704530228736
3237.45754281764,984.9704530228736,19602.0,nan,nan,nan,nan,19602.0,nan,nan,984.9704530228736,nan,984.9704530228736
4714.8663634573895,984.9704530228736,19602.0,nan,nan,nan,nan,19602.0,nan,nan,984.9704530228736,nan,984.9704530228736
6866.488450042998,984.9704530228736,19602.0,nan,nan,nan,nan,19602.0,nan,nan,984.9704530228736,nan,984.9704530228736
10000.0,984.9704530228736,19602.0,nan,nan,nan,nan,19602.0,nan,nan,984.9704530228736,nan,984.9704530228736
